user_id,product_id,category,feature1,feature2,feature3,feature4,feature5,action,count,rating,product_name,product_category
u25,p1,current,33,0.31,beautiful,True,0.072,view,6,3,condition,fashion
u75,p12,charge,39,0.85,cover,False,0.093,purchase,2,3,become,home
u84,p15,pass,74,0.24,through,False,0.094,view,7,4,leg,books
u72,p3,heart,47,0.34,book,True,0.068,view,7,1,thousand,fashion
u22,p2,agent,82,0.05,talk,False,0.052,view,7,5,available,electronics
u35,p4,seat,41,0.45,idea,False,0.063,purchase,2,2,program,beauty
u62,p3,grow,6,0.66,our,False,0.015,add to cart,3,2,thousand,fashion
u51,p16,manage,32,0.33,seat,True,0.027,add to cart,7,4,smile,books
u61,p12,analysis,36,0.86,her,False,0.045,view,4,3,become,home
u60,p8,history,54,0.65,else,True,0.092,add to cart,1,1,tough,books
u76,p5,when,51,0.76,increase,True,0.096,view,3,2,media,electronics
u4,p19,fish,9,0.48,bill,True,0.001,add to cart,3,1,indicate,home
u62,p14,audience,2,0.97,me,True,0.019,add to cart,1,1,describe,books
u20,p13,beautiful,80,0.9,over,False,0.07,view,6,5,cover,electronics
u48,p14,cost,99,0.77,magazine,False,0.049,purchase,5,3,describe,books
u59,p1,her,27,0.49,stay,False,0.083,view,2,1,condition,fashion
u4,p4,speak,57,0.49,per,True,0.043,add to cart,9,5,program,beauty
u50,p11,lawyer,98,0.64,tell,True,0.085,purchase,2,1,open,beauty
u27,p7,situation,34,0.39,news,False,0.054,add to cart,7,1,do,books
u16,p3,report,83,0.72,blue,False,0.053,purchase,3,1,thousand,fashion
u98,p8,available,35,0.77,trouble,True,0.029,view,3,4,tough,books
u50,p4,carry,94,0.63,daughter,False,0.08,view,10,4,program,beauty
u27,p4,drive,93,0.37,close,False,0.099,purchase,4,1,program,beauty
u18,p17,successful,14,0.98,far,True,0.078,add to cart,3,2,yet,electronics
u42,p5,history,46,0.96,box,False,0.054,view,1,5,media,electronics
u84,p19,service,98,0.85,not,False,0.029,add to cart,2,1,indicate,home
u47,p16,age,69,0.32,good,True,0.062,view,8,3,smile,books
u23,p1,medical,45,0.33,the,False,0.041,view,8,5,condition,fashion
u53,p6,where,62,0.82,the,True,0.044,add to cart,8,5,early,fashion
u83,p20,window,37,0.15,focus,False,0.036,view,5,5,claim,beauty
u81,p7,international,36,0.36,fear,True,0.097,purchase,5,4,do,books
u59,p10,pick,62,0.32,think,True,0.069,add to cart,5,5,whether,fashion
u95,p18,style,44,0.21,good,True,0.096,add to cart,7,3,food,fashion
u89,p6,fish,49,0.09,mission,True,0.04,add to cart,1,5,early,fashion
u33,p5,anyone,61,0.01,have,False,0.03,add to cart,5,2,media,electronics
u96,p2,suggest,27,0.73,perhaps,True,0.058,purchase,4,3,available,electronics
u58,p7,wait,97,0.95,quality,False,0.058,view,1,1,do,books
u48,p16,theory,40,0.98,police,True,0.026,add to cart,10,5,smile,books
u47,p14,report,39,0.33,participant,True,0.098,add to cart,2,2,describe,books
u77,p9,put,70,0.85,create,True,0.049,view,7,3,rate,beauty
u17,p7,pattern,91,0.63,try,True,0.068,view,9,5,do,books
u86,p11,word,48,0.72,century,True,0.094,purchase,1,5,open,beauty
u2,p19,rise,41,0.58,member,False,0.038,purchase,5,2,indicate,home
u61,p5,card,34,0.38,news,False,0.039,purchase,10,4,media,electronics
u6,p3,article,82,0.38,lose,False,0.05,add to cart,5,5,thousand,fashion
u13,p4,goal,94,0.69,return,True,0.086,add to cart,7,2,program,beauty
u68,p11,himself,45,0.43,strategy,True,0.034,view,4,4,open,beauty
u96,p4,member,73,0.77,mean,False,0.06,view,6,3,program,beauty
u49,p3,hard,34,0.53,soldier,False,0.064,add to cart,3,5,thousand,fashion
u50,p13,if,17,0.4,which,False,0.085,purchase,7,2,cover,electronics
u6,p4,attack,22,0.6,bring,False,0.087,view,9,1,program,beauty
u65,p17,develop,18,0.29,someone,False,0.08,add to cart,3,1,yet,electronics
u54,p17,body,86,0.61,bad,True,0.04,purchase,1,3,yet,electronics
u80,p16,leave,29,0.72,will,True,0.068,purchase,8,2,smile,books
u30,p13,keep,15,0.69,material,True,0.015,purchase,9,3,cover,electronics
u95,p20,although,58,0.5,hotel,False,0.011,view,8,4,claim,beauty
u55,p4,art,76,0.07,arm,True,0.052,add to cart,7,2,program,beauty
u98,p4,nor,99,0.79,environment,False,0.07,purchase,10,2,program,beauty
u46,p6,second,23,0.49,remember,True,0.066,purchase,6,2,early,fashion
u95,p7,smile,64,0.17,watch,True,0.012,add to cart,5,3,do,books
u46,p15,myself,92,0.43,teach,True,0.036,purchase,8,1,leg,books
u7,p4,blood,14,0.26,offer,False,0.09,purchase,1,2,program,beauty
u3,p1,political,43,0.98,hit,True,0.083,purchase,5,3,condition,fashion
u33,p7,foot,85,0.93,natural,True,0.037,purchase,2,1,do,books
u88,p18,main,53,0.24,ahead,False,0.006,add to cart,2,3,food,fashion
u70,p5,less,76,0.01,buy,False,0.053,add to cart,3,3,media,electronics
u45,p1,condition,91,0.44,small,True,0.003,purchase,8,1,condition,fashion
u63,p12,hospital,22,0.79,whatever,False,0.051,view,5,3,become,home
u23,p2,air,77,0.75,door,False,0.013,purchase,2,4,available,electronics
u42,p1,recent,55,0.53,ahead,False,0.095,add to cart,3,1,condition,fashion
u3,p2,size,3,0.25,writer,True,0.097,purchase,2,5,available,electronics
u72,p9,whatever,5,0.88,else,True,0.058,purchase,2,5,rate,beauty
u26,p6,here,37,0.99,she,True,0.048,add to cart,7,2,early,fashion
u31,p15,strategy,4,0.92,action,False,0.023,purchase,4,5,leg,books
u33,p3,pick,92,0.25,big,False,0.066,view,8,4,thousand,fashion
u9,p12,project,98,0.94,you,True,0.036,add to cart,2,4,become,home
u72,p18,western,20,0.93,small,False,0.045,add to cart,10,2,food,fashion
u10,p1,tend,45,0.42,fast,True,0.083,view,5,2,condition,fashion
u44,p20,smile,24,0.01,forward,True,0.003,add to cart,3,2,claim,beauty
u96,p4,support,83,0.82,if,True,0.04,purchase,3,5,program,beauty
u18,p15,six,55,0.19,age,True,0.049,view,8,4,leg,books
u89,p15,shake,91,0.58,north,False,0.028,purchase,9,1,leg,books
u68,p15,human,55,0.72,month,False,0.099,purchase,10,3,leg,books
u59,p15,product,13,0.52,trouble,True,0.09,view,1,3,leg,books
u71,p11,begin,15,0.67,city,True,0.049,view,4,4,open,beauty
u71,p14,direction,92,0.48,must,False,0.087,view,7,2,describe,books
u97,p18,expect,84,0.53,true,True,0.014,add to cart,4,1,food,fashion
u23,p5,spend,17,0.79,word,True,0.026,view,1,4,media,electronics
u69,p2,we,39,0.56,clear,True,0.079,view,10,3,available,electronics
u88,p9,place,41,0.3,your,True,0.039,view,7,5,rate,beauty
u60,p15,involve,68,0.55,party,False,0.086,add to cart,5,2,leg,books
u14,p20,international,94,0.92,month,False,0.022,view,10,5,claim,beauty
u42,p11,here,77,0.46,traditional,True,0.011,purchase,2,4,open,beauty
u42,p4,thousand,40,0.84,sort,True,0.099,view,8,4,program,beauty
u42,p10,subject,30,0.3,but,False,0.033,purchase,5,3,whether,fashion
u74,p9,increase,69,0.85,bar,False,0.016,purchase,2,5,rate,beauty
u10,p4,easy,74,0.57,per,True,0.027,purchase,2,1,program,beauty
u52,p1,network,10,0.62,coach,True,0.015,add to cart,10,5,condition,fashion
u13,p20,late,92,0.43,fast,False,0.096,purchase,3,2,claim,beauty
u2,p10,rich,10,0.53,throw,True,0.019,view,10,2,whether,fashion
u8,p13,energy,57,0.61,win,False,0.087,add to cart,6,1,cover,electronics
u60,p6,entire,89,0.62,those,False,0.042,view,6,4,early,fashion
u58,p2,financial,82,0.63,federal,True,0.029,view,8,2,available,electronics
u66,p16,hard,15,0.85,why,True,0.001,view,4,2,smile,books
u39,p4,around,43,0.69,set,False,0.059,add to cart,4,5,program,beauty
u29,p17,son,88,0.79,financial,False,0.024,view,6,2,yet,electronics
u48,p9,party,76,0.54,player,True,0.064,purchase,6,5,rate,beauty
u58,p6,street,25,0.94,perform,True,0.051,view,8,4,early,fashion
u18,p19,term,34,0.67,couple,False,0.079,add to cart,9,4,indicate,home
u6,p7,difference,49,0.32,sing,True,0.025,purchase,8,3,do,books
u14,p17,subject,16,0.1,pay,False,0.09,view,7,2,yet,electronics
u64,p2,story,76,0.29,quality,False,0.084,view,2,1,available,electronics
u24,p6,science,62,0.34,election,True,0.088,add to cart,1,5,early,fashion
u75,p1,throughout,44,0.59,believe,False,0.025,add to cart,3,5,condition,fashion
u42,p16,trial,86,0.16,scientist,True,0.058,add to cart,5,2,smile,books
u52,p13,within,99,0.3,already,False,0.054,add to cart,8,1,cover,electronics
u62,p12,man,1,0.38,administration,True,0.099,view,3,1,become,home
u6,p9,particularly,72,0.42,lot,False,0.021,purchase,10,4,rate,beauty
u69,p19,today,17,0.73,operation,False,0.024,purchase,9,3,indicate,home
u28,p13,decision,29,0.38,buy,True,0.071,purchase,3,2,cover,electronics
u83,p17,almost,27,0.26,other,False,0.059,add to cart,9,4,yet,electronics
u95,p20,effect,96,0.33,though,False,0.093,add to cart,8,5,claim,beauty
u34,p4,young,39,1.0,lot,False,0.019,add to cart,5,5,program,beauty
u27,p20,leader,62,0.6,significant,False,0.007,add to cart,10,5,claim,beauty
u35,p7,experience,64,0.88,fly,False,0.042,add to cart,2,3,do,books
u43,p4,stuff,67,0.05,peace,False,0.059,view,8,4,program,beauty
u83,p1,cost,83,0.03,energy,True,0.057,view,8,5,condition,fashion
u24,p11,almost,2,0.68,pick,True,0.036,view,4,2,open,beauty
u40,p3,morning,14,0.11,church,True,0.068,purchase,3,1,thousand,fashion
u63,p16,travel,28,0.06,raise,True,0.06,purchase,6,4,smile,books
u30,p9,entire,25,0.24,central,False,0.084,view,1,1,rate,beauty
u81,p8,pick,91,0.7,not,False,0.031,view,3,1,tough,books
u54,p7,artist,81,0.51,myself,False,0.098,view,6,2,do,books
u89,p5,media,26,0.5,present,False,0.025,purchase,2,5,media,electronics
u40,p2,consumer,79,0.88,bill,False,0.081,add to cart,3,2,available,electronics
u7,p15,bank,97,0.65,trial,True,0.096,view,8,2,leg,books
u16,p14,peace,34,0.33,eight,False,0.048,add to cart,3,1,describe,books
u43,p5,not,73,0.26,parent,True,0.083,view,10,4,media,electronics
u67,p18,culture,20,0.8,but,True,0.075,view,8,3,food,fashion
u88,p12,response,24,0.03,bar,True,0.045,view,10,3,become,home
u55,p20,difference,39,0.83,TV,False,0.06,purchase,8,1,claim,beauty
u71,p17,appear,55,1.0,environment,True,0.066,add to cart,6,1,yet,electronics
u99,p7,teach,7,0.46,quite,False,0.042,purchase,2,1,do,books
u63,p19,hot,1,0.78,anything,False,0.037,view,6,5,indicate,home
u25,p2,official,75,0.14,only,True,0.021,add to cart,1,3,available,electronics
u55,p12,of,68,0.6,fire,True,0.062,purchase,7,3,become,home
u100,p20,drive,53,0.39,result,False,0.001,add to cart,8,4,claim,beauty
u75,p15,improve,82,0.01,goal,False,0.084,purchase,9,1,leg,books
u63,p20,far,44,0.92,school,False,0.064,view,4,2,claim,beauty
u91,p17,green,52,0.96,drop,False,0.07,add to cart,1,1,yet,electronics
u55,p1,join,50,0.15,series,True,0.007,add to cart,9,2,condition,fashion
u60,p18,skin,1,0.9,red,False,0.007,view,5,3,food,fashion
u96,p5,read,4,0.38,baby,False,0.025,add to cart,2,4,media,electronics
u51,p9,program,78,0.98,challenge,False,0.098,add to cart,6,2,rate,beauty
u17,p16,position,48,0.28,teach,True,0.063,add to cart,4,4,smile,books
u63,p2,generation,84,0.85,probably,True,0.039,add to cart,6,4,available,electronics
u69,p13,degree,45,0.48,make,True,0.07,purchase,3,1,cover,electronics
u27,p6,see,30,0.74,eye,False,0.03,view,4,4,early,fashion
u49,p20,throw,23,0.84,point,True,0.053,add to cart,7,1,claim,beauty
u69,p7,keep,86,0.74,care,True,0.015,add to cart,8,3,do,books
u34,p1,all,94,0.95,network,False,0.024,add to cart,6,4,condition,fashion
u73,p17,thank,85,0.15,whom,False,0.078,add to cart,1,2,yet,electronics
u36,p18,work,75,0.03,arrive,True,0.033,purchase,1,5,food,fashion
u92,p7,soon,52,0.81,plant,False,0.021,view,2,4,do,books
u39,p19,conference,2,0.04,might,True,0.083,purchase,4,3,indicate,home
u19,p5,employee,19,0.36,player,False,0.048,add to cart,8,2,media,electronics
u81,p17,election,81,0.88,need,True,0.07,add to cart,2,1,yet,electronics
u2,p12,tree,2,0.55,send,True,0.049,view,7,3,become,home
u91,p5,course,92,0.29,stage,False,0.009,purchase,7,3,media,electronics
u14,p8,single,97,0.28,join,False,0.1,purchase,8,3,tough,books
u95,p1,cover,72,0.12,establish,True,0.041,add to cart,9,3,condition,fashion
u94,p2,adult,62,0.6,though,False,0.055,view,10,1,available,electronics
u12,p17,now,81,0.05,affect,False,0.015,purchase,7,5,yet,electronics
u21,p19,billion,86,0.5,spring,True,0.02,purchase,6,4,indicate,home
u96,p3,several,74,0.02,must,True,0.017,view,3,3,thousand,fashion
u41,p17,else,28,0.98,upon,True,0.017,view,6,5,yet,electronics
u55,p20,ten,93,0.14,else,False,0.083,purchase,4,3,claim,beauty
u44,p17,concern,25,0.61,create,True,0.028,add to cart,6,4,yet,electronics
u69,p3,ago,39,0.04,perhaps,True,0.041,view,2,5,thousand,fashion
u10,p15,car,21,0.57,practice,False,0.046,add to cart,6,2,leg,books
u62,p9,hand,45,0.24,seat,True,0.067,add to cart,1,3,rate,beauty
u7,p2,beyond,78,0.89,participant,False,0.007,view,1,1,available,electronics
u84,p4,idea,84,0.48,blue,True,0.098,add to cart,3,2,program,beauty
u46,p1,behavior,60,0.14,various,True,0.059,purchase,2,1,condition,fashion
u75,p1,lead,49,0.58,group,True,0.086,view,5,1,condition,fashion
u73,p11,beautiful,58,0.78,style,True,0.013,view,1,4,open,beauty
u88,p19,forget,89,0.29,method,False,0.09,view,5,1,indicate,home
u40,p2,serve,58,0.8,affect,True,0.032,purchase,3,5,available,electronics
u98,p19,learn,8,0.86,bad,True,0.034,purchase,6,5,indicate,home
u17,p15,few,76,0.19,push,True,0.006,view,3,3,leg,books
u72,p18,dark,79,0.37,executive,False,0.093,add to cart,8,2,food,fashion
u41,p4,hotel,1,0.18,who,True,0.061,add to cart,8,1,program,beauty
u100,p14,minute,34,0.49,dream,True,0.013,purchase,3,4,describe,books
u42,p13,pattern,2,0.84,identify,True,0.002,add to cart,5,2,cover,electronics
u79,p13,perform,2,0.58,use,False,0.097,purchase,9,4,cover,electronics
u29,p9,necessary,83,0.71,summer,False,0.037,add to cart,1,1,rate,beauty
u14,p4,policy,96,0.61,find,False,0.07,view,2,4,program,beauty
u14,p2,risk,98,0.62,nearly,True,0.058,add to cart,8,1,available,electronics
u11,p7,little,38,0.84,mouth,False,0.018,view,3,5,do,books
u56,p16,recently,18,0.09,say,True,0.038,purchase,8,5,smile,books
u26,p13,reach,13,0.69,shoulder,True,0.067,view,4,4,cover,electronics
u99,p4,across,71,0.66,work,True,0.052,purchase,3,4,program,beauty
u44,p15,wonder,11,0.72,approach,False,0.024,view,9,4,leg,books
u54,p2,also,72,0.13,prove,True,0.005,add to cart,3,3,available,electronics
u18,p18,week,64,1.0,kitchen,False,0.014,view,2,4,food,fashion
u84,p6,close,71,0.78,number,True,0.05,purchase,8,1,early,fashion
u36,p13,ago,82,0.98,town,True,0.051,add to cart,4,3,cover,electronics
u13,p1,someone,39,0.18,Mr,True,0.097,purchase,7,3,condition,fashion
u46,p13,improve,55,0.35,ahead,False,0.097,view,2,1,cover,electronics
u4,p5,until,34,0.56,peace,True,0.051,add to cart,4,4,media,electronics
u21,p12,wear,80,0.75,phone,True,0.008,add to cart,3,3,become,home
u88,p2,employee,5,0.04,never,True,0.038,add to cart,6,2,available,electronics
u43,p19,nor,62,0.12,pattern,True,0.079,view,4,2,indicate,home
u52,p7,floor,90,0.73,international,False,0.031,view,9,2,do,books
u67,p18,project,90,0.76,hope,True,0.033,purchase,6,2,food,fashion
u89,p2,sound,89,0.84,successful,False,0.004,purchase,6,4,available,electronics
u6,p10,he,98,0.18,increase,False,0.033,add to cart,6,5,whether,fashion
u12,p16,brother,63,0.59,minute,True,0.031,purchase,6,3,smile,books
u61,p19,yet,72,0.75,decide,False,0.023,purchase,7,1,indicate,home
u91,p8,always,69,0.09,either,False,0.047,view,10,2,tough,books
u71,p4,some,70,0.3,policy,False,0.089,view,8,3,program,beauty
u35,p20,fight,34,0.56,lay,False,0.044,add to cart,5,4,claim,beauty
u57,p15,teach,100,0.55,manage,False,0.047,view,5,4,leg,books
u21,p18,attack,61,0.51,daughter,False,0.037,add to cart,7,5,food,fashion
u30,p7,senior,41,0.36,lose,True,0.04,purchase,8,3,do,books
u78,p8,step,85,0.47,fact,True,0.087,view,8,4,tough,books
u40,p18,you,95,0.62,cause,False,0.077,purchase,4,2,food,fashion
u43,p16,somebody,66,0.12,government,False,0.006,purchase,1,2,smile,books
u6,p3,beat,18,0.73,identify,False,0.076,view,2,3,thousand,fashion
u14,p7,plan,68,0.2,particularly,True,0.049,add to cart,9,5,do,books
u40,p4,could,79,0.54,assume,False,0.059,add to cart,10,1,program,beauty
u70,p18,all,39,0.88,war,False,0.031,view,7,4,food,fashion
u10,p11,information,91,0.29,question,True,0.006,add to cart,3,3,open,beauty
u54,p14,send,63,0.69,image,False,0.089,add to cart,10,4,describe,books
u3,p1,deep,6,0.18,Democrat,False,0.024,add to cart,5,2,condition,fashion
u71,p8,still,29,0.84,various,False,0.06,add to cart,6,5,tough,books
u65,p20,science,89,0.48,member,True,0.019,add to cart,10,1,claim,beauty
u75,p19,kitchen,76,0.56,know,False,0.079,add to cart,10,5,indicate,home
u18,p4,feeling,4,0.16,hair,False,0.078,purchase,9,2,program,beauty
u45,p12,understand,84,0.1,focus,False,0.072,view,3,1,become,home
u100,p9,grow,39,0.89,week,False,0.039,view,10,4,rate,beauty
u14,p14,senior,98,0.81,safe,False,0.08,purchase,9,3,describe,books
u37,p13,same,73,0.89,again,True,0.059,purchase,3,4,cover,electronics
u64,p11,ahead,22,0.6,positive,True,0.062,view,8,4,open,beauty
u99,p20,defense,70,0.08,require,False,0.048,add to cart,2,3,claim,beauty
u34,p6,new,47,0.74,myself,False,0.007,view,6,2,early,fashion
u18,p8,offer,77,0.86,couple,False,0.096,view,6,5,tough,books
u7,p18,wide,52,0.6,pretty,False,0.004,view,9,1,food,fashion
u85,p2,goal,71,0.48,before,False,0.023,add to cart,5,5,available,electronics
u71,p6,morning,96,0.02,require,False,0.033,view,9,1,early,fashion
u59,p12,treatment,53,0.65,sing,False,0.029,view,10,3,become,home
u4,p16,theory,85,0.5,north,True,0.002,add to cart,2,2,smile,books
u9,p12,receive,1,0.47,interesting,True,0.018,purchase,2,2,become,home
u82,p11,challenge,56,0.38,stand,True,0.074,purchase,2,4,open,beauty
u61,p14,wait,48,0.26,matter,False,0.031,add to cart,8,5,describe,books
u4,p11,blue,41,0.23,tough,True,0.059,purchase,8,5,open,beauty
u1,p2,international,96,0.27,sister,True,0.002,purchase,1,1,available,electronics
u25,p1,when,40,0.02,group,True,0.093,purchase,4,1,condition,fashion
u83,p4,offer,7,0.52,low,False,0.059,purchase,8,4,program,beauty
u91,p12,lawyer,26,0.46,choose,True,0.007,view,6,2,become,home
u84,p10,miss,72,0.02,already,True,0.023,purchase,7,2,whether,fashion
u55,p7,pretty,18,0.8,within,True,0.084,purchase,7,2,do,books
u61,p20,serve,64,0.51,catch,False,0.023,purchase,8,2,claim,beauty
u14,p12,fear,93,0.96,decide,True,0.066,view,4,1,become,home
u65,p15,instead,12,0.94,agree,True,0.06,add to cart,4,3,leg,books
u66,p8,military,89,0.94,quality,False,0.1,purchase,7,3,tough,books
u90,p17,including,13,0.78,night,True,0.066,view,8,4,yet,electronics
u94,p14,detail,99,0.82,treatment,True,0.098,purchase,5,1,describe,books
u7,p14,yeah,21,0.57,center,True,0.083,view,1,2,describe,books
u29,p19,type,57,0.66,follow,True,0.086,add to cart,8,3,indicate,home
u83,p18,would,6,0.86,pattern,True,0.03,view,2,4,food,fashion
u18,p16,section,58,0.83,over,True,0.091,view,1,5,smile,books
u57,p1,total,68,0.17,under,True,0.024,add to cart,7,5,condition,fashion
u99,p15,standard,96,0.11,act,False,0.098,purchase,6,4,leg,books
u4,p8,dark,77,0.3,find,False,0.008,add to cart,2,1,tough,books
u14,p2,chance,26,0.46,cut,True,0.01,add to cart,8,5,available,electronics
u24,p7,cut,48,0.22,time,False,0.096,purchase,8,5,do,books
u44,p10,improve,63,0.68,no,True,0.071,view,4,4,whether,fashion
u48,p20,should,7,0.24,to,True,0.055,add to cart,9,1,claim,beauty
u3,p9,far,67,0.37,remember,True,0.07,purchase,1,2,rate,beauty
u72,p2,mouth,98,0.27,forget,True,0.034,add to cart,1,1,available,electronics
u31,p14,almost,95,0.84,character,True,0.078,view,6,1,describe,books
u83,p16,fill,51,0.02,space,True,0.034,add to cart,3,3,smile,books
u20,p16,true,51,0.34,truth,False,0.087,add to cart,3,5,smile,books
u64,p10,plan,55,0.9,recognize,True,0.022,add to cart,2,4,whether,fashion
u86,p15,relationship,96,0.34,section,False,0.049,purchase,3,5,leg,books
u68,p18,north,31,0.55,few,False,0.067,purchase,8,4,food,fashion
u53,p14,argue,7,0.68,nearly,False,0.087,view,2,4,describe,books
u42,p4,at,79,0.44,cell,False,0.002,view,8,4,program,beauty
u43,p18,walk,83,0.23,interesting,True,0.044,view,6,1,food,fashion
u24,p14,write,18,0.13,contain,False,0.051,purchase,6,5,describe,books
u37,p19,up,8,0.39,rise,True,0.027,purchase,7,1,indicate,home
u93,p18,two,48,0.07,work,True,0.043,add to cart,6,5,food,fashion
u11,p19,Democrat,46,0.23,style,True,0.052,purchase,6,1,indicate,home
u11,p8,what,1,0.24,company,True,0.083,view,9,3,tough,books
u81,p10,music,53,0.08,green,False,0.098,add to cart,3,1,whether,fashion
u68,p15,bar,47,0.75,evening,False,0.062,purchase,4,4,leg,books
u59,p3,bit,64,0.95,dog,False,0.049,view,10,5,thousand,fashion
u17,p18,close,34,0.29,future,False,0.022,purchase,4,1,food,fashion
u91,p10,technology,78,0.55,international,False,0.058,view,7,1,whether,fashion
u66,p10,camera,40,0.66,I,True,0.037,view,4,1,whether,fashion
u83,p1,heart,36,0.4,bed,False,0.071,add to cart,4,3,condition,fashion
u39,p1,field,99,0.74,less,False,0.021,view,7,4,condition,fashion
u83,p12,necessary,21,0.66,star,True,0.088,add to cart,8,1,become,home
u75,p13,before,82,0.98,account,True,0.026,view,8,4,cover,electronics
u55,p12,of,99,0.53,area,True,0.02,add to cart,6,3,become,home
u88,p5,rate,20,0.94,both,True,0.059,add to cart,6,2,media,electronics
u26,p17,conference,40,0.49,enter,False,0.007,add to cart,10,5,yet,electronics
u3,p8,method,74,0.49,American,False,0.02,purchase,9,5,tough,books
u13,p12,join,3,0.87,remember,True,0.047,purchase,1,4,become,home
u2,p3,as,67,0.73,wear,False,0.085,view,7,2,thousand,fashion
u10,p10,cut,52,0.62,yard,True,0.003,view,6,4,whether,fashion
u10,p18,role,49,0.18,newspaper,True,0.005,purchase,3,2,food,fashion
u31,p17,rest,91,0.93,sea,False,0.078,purchase,2,4,yet,electronics
u55,p14,check,31,0.65,degree,True,0.067,purchase,1,3,describe,books
u69,p4,return,96,0.33,want,False,0.089,add to cart,6,1,program,beauty
u59,p10,tell,26,0.25,information,True,0.02,purchase,3,4,whether,fashion
u6,p4,plan,80,0.34,item,True,0.092,view,9,3,program,beauty
u61,p19,smile,79,0.38,travel,True,0.094,add to cart,10,1,indicate,home
u50,p14,south,68,0.68,her,True,0.062,add to cart,5,5,describe,books
u5,p3,picture,74,0.37,occur,True,0.051,purchase,2,1,thousand,fashion
u39,p19,out,12,0.66,single,False,0.073,view,5,4,indicate,home
u90,p12,special,40,0.17,key,True,0.06,purchase,1,3,become,home
u82,p7,institution,3,0.54,similar,True,0.084,add to cart,9,2,do,books
u33,p1,movement,12,0.94,wonder,True,0.078,purchase,7,4,condition,fashion
u93,p6,law,43,0.27,process,False,0.058,add to cart,6,5,early,fashion
u3,p18,race,7,0.55,sit,False,0.074,view,9,5,food,fashion
u23,p19,here,3,0.95,back,True,0.091,purchase,8,4,indicate,home
u88,p4,strong,56,0.46,understand,False,0.064,view,3,4,program,beauty
u41,p8,likely,12,0.06,entire,False,0.091,purchase,3,4,tough,books
u55,p19,quite,88,0.85,who,True,0.077,view,7,3,indicate,home
u37,p15,bring,53,0.24,debate,True,0.096,purchase,8,2,leg,books
u32,p14,and,79,0.71,edge,False,0.053,purchase,1,1,describe,books
u55,p10,reach,55,0.54,role,False,0.022,add to cart,1,5,whether,fashion
u64,p1,religious,51,0.55,vote,True,0.081,purchase,7,4,condition,fashion
u56,p15,before,61,0.53,strong,True,0.083,view,7,4,leg,books
u20,p3,positive,65,0.71,PM,True,0.09,purchase,10,1,thousand,fashion
u41,p20,certain,26,0.73,strong,True,0.005,view,7,1,claim,beauty
u92,p10,finish,73,0.66,cut,True,0.021,add to cart,4,2,whether,fashion
u52,p8,realize,99,0.41,community,False,0.079,add to cart,7,1,tough,books
u77,p17,smile,23,0.56,try,False,0.005,purchase,10,5,yet,electronics
u75,p12,instead,40,0.52,forward,True,0.097,view,4,5,become,home
u77,p4,yeah,57,0.04,inside,False,0.036,purchase,1,3,program,beauty
u93,p3,themselves,18,0.64,eat,True,0.083,purchase,6,3,thousand,fashion
u88,p3,which,93,0.86,their,False,0.001,purchase,1,1,thousand,fashion
u67,p5,understand,5,0.07,last,True,0.046,add to cart,4,3,media,electronics
u73,p2,arrive,95,0.38,involve,False,0.08,add to cart,2,3,available,electronics
u86,p8,general,7,0.19,field,False,0.049,purchase,5,1,tough,books
u31,p17,herself,76,0.4,low,False,0.006,purchase,6,5,yet,electronics
u76,p20,hair,29,1.0,goal,True,0.085,view,9,5,claim,beauty
u38,p1,pressure,50,0.82,director,False,0.09,add to cart,4,1,condition,fashion
u74,p13,exist,92,0.22,reason,True,0.05,purchase,10,3,cover,electronics
u93,p3,hundred,13,0.55,our,True,0.065,view,3,4,thousand,fashion
u88,p15,specific,76,0.99,article,True,0.035,view,9,1,leg,books
u31,p16,place,43,0.86,phone,False,0.068,view,10,3,smile,books
u63,p20,hour,63,0.26,act,False,0.005,add to cart,6,2,claim,beauty
u66,p18,investment,43,0.81,hard,True,0.028,view,4,5,food,fashion
u56,p1,church,27,0.22,position,False,0.084,add to cart,8,1,condition,fashion
u44,p19,bad,8,0.79,my,False,0.082,view,8,3,indicate,home
u52,p16,know,14,0.13,own,True,0.079,purchase,2,2,smile,books
u19,p17,his,81,0.07,word,True,0.049,purchase,10,5,yet,electronics
u37,p11,chance,73,0.47,understand,True,0.084,purchase,6,4,open,beauty
u53,p15,else,79,0.17,hour,True,0.08,purchase,1,1,leg,books
u24,p5,sit,22,0.63,be,False,0.051,add to cart,9,2,media,electronics
u72,p4,son,39,0.17,enough,False,0.088,add to cart,4,2,program,beauty
u62,p6,fast,2,0.28,bag,False,0.033,view,4,1,early,fashion
u97,p15,sometimes,21,0.54,evidence,False,0.019,add to cart,1,4,leg,books
u65,p6,heart,42,0.95,door,False,0.08,purchase,7,3,early,fashion
u58,p8,student,77,0.96,method,True,0.071,view,2,4,tough,books
u18,p19,another,71,0.92,control,True,0.089,view,5,2,indicate,home
u70,p6,sport,62,0.41,memory,False,0.043,purchase,1,3,early,fashion
u59,p11,maybe,35,0.4,long,True,0.05,view,1,4,open,beauty
u21,p5,consider,49,0.32,appear,False,0.045,add to cart,7,3,media,electronics
u81,p12,key,43,0.28,image,False,0.062,add to cart,8,3,become,home
u48,p1,during,92,0.67,tend,True,0.078,add to cart,5,3,condition,fashion
u42,p16,others,79,0.79,method,True,0.013,purchase,4,1,smile,books
u25,p4,maybe,26,0.61,necessary,False,0.078,add to cart,3,5,program,beauty
u76,p14,control,39,0.92,democratic,True,0.004,view,8,5,describe,books
u24,p3,drug,21,0.92,work,True,0.017,view,4,2,thousand,fashion
u30,p3,ever,15,0.63,none,False,0.01,view,10,3,thousand,fashion
u81,p19,notice,11,0.06,public,False,0.099,add to cart,5,2,indicate,home
u27,p19,choose,84,0.15,price,False,0.009,view,8,2,indicate,home
u90,p14,order,30,0.3,wear,False,0.083,add to cart,9,3,describe,books
u28,p4,citizen,67,0.41,Democrat,True,0.01,purchase,3,3,program,beauty
u60,p8,grow,97,0.49,instead,True,0.034,add to cart,4,3,tough,books
u56,p3,treat,7,0.91,particular,False,0.07,add to cart,10,1,thousand,fashion
u41,p9,modern,66,0.04,it,True,0.007,add to cart,9,3,rate,beauty
u23,p8,behavior,88,0.05,practice,False,0.052,view,10,3,tough,books
u60,p5,current,68,0.52,room,False,0.074,view,8,1,media,electronics
u78,p4,draw,97,0.21,fall,True,0.015,purchase,3,4,program,beauty
u33,p19,commercial,22,0.78,region,True,0.041,purchase,2,2,indicate,home
u12,p11,many,72,0.04,day,False,0.059,add to cart,3,1,open,beauty
u6,p10,evidence,27,0.23,head,True,0.041,add to cart,3,3,whether,fashion
u64,p19,resource,7,0.09,suddenly,False,0.068,purchase,4,3,indicate,home
u20,p19,thank,36,0.58,in,True,0.018,purchase,1,4,indicate,home
u45,p11,suffer,90,1.0,arrive,True,0.037,purchase,10,5,open,beauty
u69,p12,candidate,70,0.04,decade,False,0.003,add to cart,6,5,become,home
u5,p10,color,87,0.69,station,True,0.049,add to cart,3,1,whether,fashion
u60,p18,cause,37,0.56,national,False,0.043,view,6,4,food,fashion
u64,p13,nearly,56,0.86,walk,True,0.069,view,8,1,cover,electronics
u56,p10,for,38,0.69,family,False,0.094,add to cart,8,1,whether,fashion
u36,p18,large,75,0.11,trouble,True,0.063,purchase,2,5,food,fashion
u95,p13,choose,25,0.21,might,True,0.029,view,3,2,cover,electronics
u23,p7,against,62,0.11,born,False,0.085,view,10,3,do,books
u68,p15,support,75,0.95,score,True,0.04,view,9,3,leg,books
u35,p20,good,74,0.15,challenge,True,0.067,purchase,3,3,claim,beauty
u68,p4,fill,77,0.16,store,True,0.098,purchase,9,3,program,beauty
u65,p6,heart,26,0.98,several,False,0.075,purchase,9,2,early,fashion
u13,p17,interesting,87,0.58,party,True,0.016,view,10,1,yet,electronics
u3,p15,song,32,0.96,argue,True,0.017,view,8,1,leg,books
u92,p13,run,23,0.05,risk,True,0.049,purchase,1,2,cover,electronics
u50,p6,rich,69,0.14,number,True,0.098,purchase,9,1,early,fashion
u25,p8,kid,31,0.45,official,True,0.048,purchase,3,1,tough,books
u31,p17,let,42,0.2,but,True,0.031,purchase,6,3,yet,electronics
u55,p3,audience,68,0.77,minute,True,0.1,add to cart,7,1,thousand,fashion
u88,p9,common,26,0.65,produce,True,0.073,purchase,3,3,rate,beauty
u90,p18,for,47,0.32,teach,True,0.027,view,5,3,food,fashion
u61,p12,beautiful,40,0.01,card,False,0.005,view,10,2,become,home
u41,p13,address,42,0.76,risk,False,0.032,view,1,5,cover,electronics
u5,p2,success,71,0.14,deep,False,0.092,view,10,1,available,electronics
u27,p17,foreign,8,0.9,deal,False,0.096,view,2,3,yet,electronics
u87,p4,support,32,0.73,development,False,0.029,add to cart,4,1,program,beauty
u5,p2,edge,60,0.59,ask,False,0.052,purchase,9,1,available,electronics
u54,p7,either,84,0.51,benefit,True,0.084,add to cart,6,2,do,books
u59,p7,theory,11,0.05,she,False,0.023,purchase,3,4,do,books
u18,p4,moment,73,0.03,each,False,0.044,purchase,1,4,program,beauty
u100,p14,me,2,0.34,cold,True,0.098,add to cart,1,3,describe,books
u77,p11,choose,88,0.52,arm,False,0.098,view,4,5,open,beauty
u8,p12,body,92,0.53,direction,False,0.053,add to cart,4,3,become,home
u26,p17,agreement,92,0.38,suffer,False,0.051,view,3,2,yet,electronics
u35,p2,part,91,0.98,court,True,0.005,add to cart,1,5,available,electronics
u30,p14,within,47,0.45,customer,False,0.018,add to cart,8,4,describe,books
u14,p9,question,11,0.56,oil,False,0.018,add to cart,10,1,rate,beauty
u27,p19,movement,53,0.02,city,True,0.017,add to cart,4,1,indicate,home
u22,p5,drop,12,0.29,often,False,0.043,view,8,1,media,electronics
u33,p9,deep,76,0.76,someone,False,0.086,view,8,1,rate,beauty
u10,p15,sometimes,81,0.3,age,False,0.049,purchase,3,4,leg,books
u58,p18,level,34,0.27,send,False,0.035,add to cart,6,1,food,fashion
u53,p15,generation,18,0.71,model,False,0.03,view,10,3,leg,books
u73,p19,resource,49,0.81,better,False,0.02,purchase,9,1,indicate,home
u29,p13,bit,25,0.64,dream,False,0.093,purchase,9,1,cover,electronics
u50,p11,not,86,0.95,detail,False,0.029,view,4,5,open,beauty
u47,p3,camera,20,0.51,whom,True,0.033,add to cart,2,1,thousand,fashion
u56,p9,reach,37,0.51,agree,True,0.021,add to cart,9,5,rate,beauty
u5,p3,nature,95,0.69,despite,True,0.069,add to cart,8,2,thousand,fashion
u4,p10,sport,41,0.34,condition,True,0.021,view,10,1,whether,fashion
u92,p11,probably,87,0.67,tonight,False,0.059,view,9,1,open,beauty
u38,p1,buy,98,0.41,approach,True,0.084,view,5,2,condition,fashion
u84,p8,itself,94,0.28,off,False,0.016,view,2,3,tough,books
u59,p18,score,77,0.35,peace,True,0.064,add to cart,3,1,food,fashion
u27,p8,reveal,73,0.36,measure,False,0.053,purchase,9,1,tough,books
u46,p8,safe,15,0.57,state,True,0.082,view,2,2,tough,books
u70,p8,do,85,0.26,teach,False,0.088,add to cart,3,1,tough,books
u6,p18,range,4,0.56,lawyer,False,0.095,purchase,5,5,food,fashion
u47,p12,figure,85,0.46,not,True,0.09,purchase,1,5,become,home
u72,p8,nature,13,0.65,relate,False,0.022,add to cart,5,5,tough,books
u54,p6,side,25,0.21,drive,True,0.087,add to cart,1,5,early,fashion
u9,p10,tonight,71,0.86,four,False,0.031,add to cart,3,5,whether,fashion
u68,p13,trouble,30,0.34,out,False,0.091,purchase,7,5,cover,electronics
u85,p10,line,39,0.8,thousand,False,0.04,add to cart,1,3,whether,fashion
u60,p9,several,15,0.84,away,True,0.064,purchase,4,1,rate,beauty
u100,p12,area,5,0.02,onto,True,0.069,view,4,1,become,home
u42,p20,as,19,0.13,because,True,0.058,view,1,4,claim,beauty
u12,p20,prepare,45,0.35,list,True,0.015,purchase,7,5,claim,beauty
u56,p10,story,100,0.89,yeah,True,0.021,purchase,10,3,whether,fashion
u3,p10,anything,42,0.35,rock,False,0.029,purchase,3,4,whether,fashion
u98,p20,about,96,0.99,reach,False,0.05,view,10,2,claim,beauty
u73,p15,hospital,7,0.62,find,False,0.068,purchase,9,5,leg,books
u1,p16,where,20,0.7,share,True,0.071,purchase,6,4,smile,books
u87,p20,Republican,97,0.11,around,True,0.035,add to cart,2,2,claim,beauty
u8,p16,factor,1,0.34,something,True,0.017,view,5,4,smile,books
u72,p16,federal,37,0.13,significant,True,0.042,add to cart,3,4,smile,books
u88,p2,exist,28,0.86,degree,True,0.05,purchase,6,2,available,electronics
u58,p19,language,74,0.64,agree,False,0.073,add to cart,3,4,indicate,home
u75,p7,out,9,0.79,day,False,0.067,purchase,5,5,do,books
u93,p2,radio,10,0.68,clear,False,0.011,purchase,9,3,available,electronics
u68,p15,city,99,0.57,significant,True,0.008,view,6,1,leg,books
u85,p16,national,34,0.84,every,False,0.041,purchase,6,4,smile,books
u80,p5,report,90,0.71,describe,False,0.024,purchase,1,1,media,electronics
u11,p2,send,13,0.25,including,False,0.086,add to cart,9,3,available,electronics
u55,p10,campaign,29,0.47,expert,True,0.044,view,6,2,whether,fashion
u64,p10,technology,19,0.83,recognize,True,0.03,purchase,5,3,whether,fashion
u33,p6,course,80,0.65,staff,False,0.099,add to cart,6,2,early,fashion
u10,p12,television,13,0.62,machine,False,0.044,purchase,1,3,become,home
u39,p4,degree,86,0.15,specific,False,0.01,add to cart,10,5,program,beauty
u52,p15,official,100,0.88,several,True,0.058,view,6,1,leg,books
u99,p7,culture,20,0.94,east,False,0.048,add to cart,4,4,do,books
u54,p2,write,46,0.05,suffer,True,0.014,purchase,3,3,available,electronics
u30,p8,particular,2,0.28,onto,False,0.036,purchase,5,1,tough,books
u89,p18,various,88,0.31,local,False,0.067,add to cart,2,4,food,fashion
u93,p16,parent,64,0.56,increase,False,0.075,view,4,2,smile,books
u11,p15,partner,43,0.2,strategy,True,0.08,view,10,5,leg,books
u45,p17,national,51,0.91,report,False,0.073,add to cart,4,2,yet,electronics
u42,p3,keep,15,0.79,again,False,0.021,purchase,4,5,thousand,fashion
u77,p14,north,57,0.62,area,True,0.095,view,8,4,describe,books
u17,p14,bill,82,0.1,answer,True,0.081,view,7,4,describe,books
u30,p7,knowledge,44,0.51,newspaper,False,0.065,view,5,1,do,books
u28,p19,sit,54,0.58,since,False,0.087,view,7,5,indicate,home
u2,p1,maintain,49,0.74,who,False,0.074,add to cart,4,3,condition,fashion
u15,p19,small,38,1.0,water,False,0.09,view,10,4,indicate,home
u56,p14,service,74,0.9,consider,False,0.013,purchase,5,2,describe,books
u34,p18,trouble,8,0.91,add,False,0.078,add to cart,1,2,food,fashion
u75,p3,administration,85,0.53,hotel,True,0.082,purchase,1,3,thousand,fashion
u25,p14,north,17,0.8,two,True,0.003,purchase,4,2,describe,books
u13,p16,three,89,0.54,tough,False,0.04,purchase,6,5,smile,books
u50,p10,number,79,0.5,force,True,0.067,view,6,4,whether,fashion
u95,p18,bring,8,0.04,newspaper,True,0.03,view,1,2,food,fashion
u4,p2,now,90,0.89,turn,False,0.02,view,8,4,available,electronics
u54,p11,simply,92,0.22,history,False,0.014,view,1,4,open,beauty
u13,p13,region,11,0.97,subject,True,0.095,view,8,3,cover,electronics
u16,p13,nice,79,0.99,standard,False,0.018,add to cart,10,4,cover,electronics
u89,p1,land,35,0.94,analysis,True,0.036,purchase,6,2,condition,fashion
u64,p2,radio,35,0.54,hit,False,0.038,purchase,10,2,available,electronics
u49,p1,accept,79,0.75,line,False,0.095,purchase,2,2,condition,fashion
u79,p18,away,10,0.02,effort,False,0.021,add to cart,10,2,food,fashion
u68,p14,leg,91,0.72,other,True,0.068,purchase,4,4,describe,books
u9,p9,least,4,1.0,security,True,0.051,view,4,3,rate,beauty
u2,p2,police,94,0.35,out,False,0.049,view,7,3,available,electronics
u12,p14,type,97,0.32,attack,True,0.089,view,3,2,describe,books
u14,p5,that,42,0.52,style,True,0.06,add to cart,2,3,media,electronics
u69,p15,people,43,0.32,name,True,0.028,purchase,1,3,leg,books
u59,p3,allow,18,0.77,method,False,0.077,purchase,6,4,thousand,fashion
u65,p16,card,88,0.86,act,True,0.068,view,3,5,smile,books
u25,p12,develop,81,0.37,friend,False,0.045,add to cart,2,5,become,home
u2,p12,role,56,0.6,himself,False,0.094,view,8,3,become,home
u98,p2,receive,60,0.77,describe,True,0.036,add to cart,10,2,available,electronics
u86,p16,while,44,0.47,idea,True,0.089,view,10,3,smile,books
u23,p9,maintain,31,0.54,building,False,0.084,add to cart,5,2,rate,beauty
u59,p13,theory,34,0.09,drive,False,0.053,add to cart,3,4,cover,electronics
u8,p5,hundred,33,0.58,poor,False,0.015,purchase,9,5,media,electronics
u95,p10,edge,51,0.98,health,False,0.098,purchase,4,2,whether,fashion
u1,p10,heavy,86,0.99,even,False,0.083,purchase,4,1,whether,fashion
u50,p14,forward,22,0.92,carry,True,0.051,view,5,5,describe,books
u43,p18,hope,25,0.98,without,True,0.095,add to cart,9,3,food,fashion
u71,p1,girl,96,0.28,company,False,0.098,view,7,4,condition,fashion
u87,p11,by,49,0.41,option,False,0.032,view,10,3,open,beauty
u46,p19,sing,2,0.74,position,False,0.004,add to cart,4,2,indicate,home
u39,p16,land,1,0.57,yeah,True,0.077,add to cart,10,5,smile,books
u46,p19,truth,52,0.25,respond,True,0.011,view,3,2,indicate,home
u69,p6,since,55,0.34,those,False,0.031,add to cart,2,3,early,fashion
u80,p7,almost,19,0.5,individual,False,0.009,add to cart,6,4,do,books
u96,p20,discussion,29,0.51,quality,False,0.08,purchase,9,1,claim,beauty
u12,p13,itself,34,0.4,probably,False,0.058,add to cart,2,3,cover,electronics
u13,p9,democratic,62,0.98,arrive,False,0.074,view,4,4,rate,beauty
u45,p4,wife,18,0.44,past,True,0.011,purchase,7,1,program,beauty
u88,p13,which,26,0.66,of,True,0.001,purchase,5,1,cover,electronics
u4,p16,unit,22,0.09,never,False,0.048,view,5,5,smile,books
u84,p1,what,72,0.74,account,False,0.032,purchase,6,5,condition,fashion
u8,p17,too,95,0.68,stay,True,0.008,view,5,2,yet,electronics
u18,p6,each,88,0.92,side,True,0.088,view,4,2,early,fashion
u45,p15,camera,13,0.62,see,False,0.084,purchase,5,4,leg,books
u59,p9,cause,33,0.59,to,True,0.019,view,6,1,rate,beauty
u21,p3,company,37,0.18,customer,True,0.004,add to cart,3,4,thousand,fashion
u96,p16,best,52,0.66,quickly,True,0.063,purchase,10,5,smile,books
u16,p11,brother,90,0.83,will,True,0.005,view,6,2,open,beauty
u61,p14,east,28,0.45,necessary,False,0.066,purchase,6,2,describe,books
u65,p12,TV,41,0.4,available,True,0.097,purchase,4,2,become,home
u21,p5,material,50,0.47,during,False,0.023,view,8,3,media,electronics
u66,p18,bad,45,0.36,talk,True,0.035,add to cart,2,2,food,fashion
u72,p8,early,25,0.55,once,True,0.003,add to cart,4,2,tough,books
u5,p4,race,6,0.84,hand,True,0.075,add to cart,7,1,program,beauty
u78,p6,significant,32,0.99,old,False,0.085,view,6,3,early,fashion
u27,p10,agency,77,0.7,structure,False,0.035,add to cart,10,4,whether,fashion
u97,p5,bit,51,0.59,create,False,0.016,view,9,3,media,electronics
u42,p9,discuss,91,1.0,say,False,0.064,purchase,9,4,rate,beauty
u69,p10,but,2,0.9,whole,True,0.086,add to cart,8,1,whether,fashion
u24,p10,into,67,0.6,fire,False,0.025,add to cart,2,5,whether,fashion
u13,p9,sit,38,0.22,out,True,0.059,add to cart,7,3,rate,beauty
u21,p6,cut,53,0.19,current,True,0.045,purchase,1,4,early,fashion
u37,p18,five,9,0.71,nearly,False,0.018,add to cart,3,3,food,fashion
u54,p16,meet,5,0.31,cell,True,0.009,purchase,6,3,smile,books
u82,p20,capital,97,0.69,fact,True,0.023,add to cart,8,2,claim,beauty
u89,p3,either,48,0.22,another,False,0.031,add to cart,8,4,thousand,fashion
u70,p6,and,2,0.36,audience,False,0.045,add to cart,6,1,early,fashion
u67,p14,especially,59,0.32,thing,False,0.031,add to cart,1,1,describe,books
u94,p3,plant,73,0.88,form,False,0.023,add to cart,5,4,thousand,fashion
u42,p19,represent,56,0.73,you,True,0.003,purchase,10,1,indicate,home
u19,p20,author,48,0.43,year,True,0.092,add to cart,5,5,claim,beauty
u31,p4,condition,67,0.15,dream,False,0.022,purchase,4,5,program,beauty
u56,p9,white,64,0.52,actually,True,0.075,view,3,4,rate,beauty
u23,p8,once,73,0.65,other,False,0.059,view,4,4,tough,books
u41,p17,evidence,29,0.94,sort,True,0.059,purchase,7,5,yet,electronics
u20,p9,high,52,0.5,west,False,0.004,view,9,4,rate,beauty
u47,p2,try,74,0.5,my,False,0.076,purchase,4,3,available,electronics
u1,p16,policy,81,0.01,trial,True,0.005,view,2,2,smile,books
u5,p14,less,73,0.57,computer,False,0.089,purchase,1,2,describe,books
u68,p3,thing,36,0.33,world,False,0.067,purchase,1,3,thousand,fashion
u58,p2,policy,99,0.62,word,False,0.08,view,5,4,available,electronics
u72,p6,industry,38,0.89,he,False,0.098,view,9,4,early,fashion
u64,p11,open,15,0.56,which,True,0.048,add to cart,2,5,open,beauty
u8,p20,control,61,0.52,remain,False,0.037,view,6,1,claim,beauty
u26,p9,research,16,0.04,avoid,False,0.071,add to cart,2,5,rate,beauty
u6,p11,executive,38,0.59,service,False,0.083,purchase,9,1,open,beauty
u13,p5,cell,44,0.26,million,True,0.089,add to cart,9,2,media,electronics
u59,p5,recently,64,1.0,notice,False,0.092,view,8,4,media,electronics
u91,p19,guy,18,0.95,tax,False,0.098,view,4,1,indicate,home
u5,p4,strategy,30,0.04,over,False,0.037,add to cart,2,5,program,beauty
u34,p9,record,87,0.01,view,False,0.009,view,9,5,rate,beauty
u73,p5,ability,29,0.62,public,False,0.007,purchase,10,1,media,electronics
u89,p5,claim,56,0.65,image,False,0.089,purchase,1,5,media,electronics
u87,p18,share,17,0.77,positive,True,0.047,add to cart,3,5,food,fashion
u40,p1,dog,43,0.78,heart,False,0.067,view,5,3,condition,fashion
u9,p2,leave,100,0.38,despite,False,0.079,add to cart,8,4,available,electronics
u94,p4,and,5,0.95,ask,False,0.017,add to cart,8,4,program,beauty
u14,p19,enjoy,18,0.01,research,False,0.002,add to cart,7,5,indicate,home
u62,p8,prove,11,0.6,really,False,0.004,view,9,1,tough,books
u20,p16,hundred,98,0.21,voice,False,0.069,purchase,5,4,smile,books
u61,p7,marriage,33,0.52,concern,True,0.01,purchase,9,3,do,books
u51,p3,none,31,0.27,return,False,0.063,view,4,2,thousand,fashion
u3,p19,smile,45,0.93,mouth,True,0.058,add to cart,7,1,indicate,home
u89,p14,cold,84,0.88,standard,True,0.064,add to cart,6,2,describe,books
u20,p8,require,77,0.29,throw,False,0.05,add to cart,3,5,tough,books
u60,p12,standard,58,0.78,list,False,0.055,add to cart,3,4,become,home
u89,p4,management,84,0.16,public,False,0.023,add to cart,7,5,program,beauty
u76,p6,apply,75,0.73,me,True,0.032,add to cart,8,3,early,fashion
u5,p19,foot,46,0.04,wish,False,0.005,view,4,1,indicate,home
u2,p4,ok,8,0.91,while,False,0.041,purchase,8,1,program,beauty
u41,p2,pay,91,0.94,food,False,0.075,add to cart,2,5,available,electronics
u13,p1,evening,2,0.37,knowledge,True,0.028,purchase,9,4,condition,fashion
u92,p11,seek,99,0.68,decade,True,0.047,add to cart,3,3,open,beauty
u46,p5,whom,3,0.51,best,True,0.008,view,5,4,media,electronics
u38,p5,the,35,0.92,list,True,0.077,purchase,7,4,media,electronics
u78,p1,such,44,0.35,lose,False,0.027,add to cart,10,4,condition,fashion
u2,p15,decide,42,0.43,floor,False,0.028,add to cart,9,2,leg,books
u42,p8,though,24,0.31,at,False,0.091,add to cart,9,2,tough,books
u38,p18,listen,78,0.43,yeah,True,0.082,add to cart,7,5,food,fashion
u37,p7,weight,34,0.9,bed,False,0.031,add to cart,4,2,do,books
u74,p12,western,17,0.6,six,True,0.013,view,7,1,become,home
u12,p2,building,91,0.16,treatment,True,0.096,purchase,3,4,available,electronics
u58,p20,happen,10,0.41,direction,False,0.042,view,5,1,claim,beauty
u44,p7,free,18,0.39,over,False,0.079,view,5,4,do,books
u83,p13,cover,84,0.88,surface,True,0.045,purchase,8,1,cover,electronics
u49,p15,space,70,0.53,continue,False,0.055,view,2,1,leg,books
u41,p12,modern,42,0.94,land,True,0.04,view,10,1,become,home
u12,p18,guy,20,0.63,reflect,True,0.073,view,9,1,food,fashion
u13,p3,treat,7,0.73,hotel,True,0.076,purchase,10,2,thousand,fashion
u36,p14,close,35,0.78,street,True,0.041,purchase,2,5,describe,books
u72,p3,until,92,0.49,huge,False,0.034,view,1,5,thousand,fashion
u32,p3,season,47,0.09,after,False,0.048,add to cart,6,4,thousand,fashion
u24,p11,forget,11,0.28,such,True,0.02,purchase,4,3,open,beauty
u86,p6,attorney,23,0.23,successful,True,0.075,purchase,7,4,early,fashion
u32,p8,morning,64,0.81,common,True,0.082,add to cart,4,5,tough,books
u46,p11,respond,70,0.25,picture,True,0.029,add to cart,4,5,open,beauty
u57,p11,accept,10,0.47,your,False,0.042,purchase,10,2,open,beauty
u78,p13,city,96,0.05,administration,False,0.071,add to cart,3,1,cover,electronics
u40,p18,admit,50,0.71,two,False,0.055,view,1,5,food,fashion
u37,p6,past,94,0.35,community,True,0.013,view,2,4,early,fashion
u97,p5,situation,43,0.76,identify,True,0.004,purchase,7,3,media,electronics
u17,p15,describe,39,0.28,another,False,0.079,view,1,3,leg,books
u69,p20,reach,76,0.05,certainly,False,0.029,view,3,4,claim,beauty
u87,p6,sing,6,0.35,this,False,0.025,purchase,2,3,early,fashion
u22,p13,international,24,0.46,officer,True,0.086,view,1,1,cover,electronics
u5,p14,begin,34,0.09,leader,True,0.07,add to cart,3,4,describe,books
u99,p14,among,16,0.26,court,False,0.042,view,10,3,describe,books
u26,p2,watch,64,0.08,white,False,0.069,purchase,9,3,available,electronics
u35,p13,item,75,0.67,drop,False,0.041,view,4,2,cover,electronics
u44,p7,fine,57,0.98,end,False,0.067,add to cart,3,2,do,books
u56,p13,within,23,0.14,available,False,0.042,purchase,3,3,cover,electronics
u41,p4,century,82,0.12,cold,True,0.016,view,4,2,program,beauty
u95,p2,explain,68,0.94,consider,False,0.037,purchase,8,4,available,electronics
u66,p9,property,62,0.38,this,True,0.036,view,5,5,rate,beauty
u42,p13,Congress,35,0.33,think,True,0.021,view,6,4,cover,electronics
u72,p18,let,91,0.9,hope,False,0.044,add to cart,1,4,food,fashion
u27,p20,every,52,0.94,nothing,False,0.023,view,2,3,claim,beauty
u44,p2,management,31,0.35,door,True,0.012,purchase,7,1,available,electronics
u87,p12,capital,23,0.6,top,False,0.095,purchase,7,1,become,home
u72,p12,loss,37,0.46,reflect,False,0.036,purchase,2,5,become,home
u74,p10,follow,40,0.72,field,True,0.082,purchase,1,5,whether,fashion
u48,p1,economic,81,0.18,well,True,0.057,view,8,5,condition,fashion
u53,p12,west,11,0.07,nature,True,0.056,add to cart,5,5,become,home
u44,p18,impact,22,0.34,public,True,0.035,purchase,8,2,food,fashion
u59,p18,artist,43,0.8,last,True,0.029,view,6,1,food,fashion
u48,p15,well,48,0.54,shoulder,False,0.029,view,6,4,leg,books
u36,p18,knowledge,7,0.77,fund,False,0.084,purchase,2,2,food,fashion
u37,p15,to,45,0.13,feeling,True,0.018,purchase,5,2,leg,books
u94,p11,enough,40,0.6,nature,True,0.01,view,8,5,open,beauty
u28,p6,wonder,87,0.65,get,False,0.039,purchase,3,4,early,fashion
u10,p18,people,47,0.99,four,False,0.026,add to cart,9,2,food,fashion
u65,p20,early,27,0.43,thank,True,0.023,add to cart,10,3,claim,beauty
u44,p20,cell,31,0.06,stop,True,0.077,view,3,5,claim,beauty
u77,p2,carry,13,0.41,pattern,False,0.068,add to cart,4,3,available,electronics
u70,p5,economic,18,0.31,purpose,True,0.095,add to cart,1,2,media,electronics
u85,p17,spend,49,0.28,able,True,0.044,purchase,3,1,yet,electronics
u98,p4,party,96,0.29,occur,True,0.096,view,6,1,program,beauty
u26,p10,answer,41,0.51,rise,False,0.06,purchase,1,4,whether,fashion
u95,p6,they,27,0.93,under,False,0.021,purchase,1,2,early,fashion
u94,p9,opportunity,71,0.56,home,True,0.055,add to cart,2,3,rate,beauty
u35,p17,find,20,0.92,space,False,0.011,purchase,5,1,yet,electronics
u44,p1,cut,43,0.07,our,False,0.045,purchase,2,3,condition,fashion
u98,p12,despite,38,0.29,off,True,0.048,add to cart,1,1,become,home
u50,p17,out,25,0.86,Mrs,False,0.081,purchase,5,5,yet,electronics
u60,p8,must,25,0.1,career,False,0.003,add to cart,1,2,tough,books
u40,p16,son,81,0.16,travel,True,0.079,add to cart,4,1,smile,books
u11,p19,fly,49,0.74,fill,True,0.07,add to cart,5,1,indicate,home
u15,p15,reduce,37,0.68,culture,False,0.034,view,2,2,leg,books
u14,p20,part,50,0.5,give,False,0.091,view,7,5,claim,beauty
u43,p6,improve,17,0.64,return,False,0.028,view,8,1,early,fashion
u75,p18,much,13,0.61,as,False,0.084,purchase,8,2,food,fashion
u11,p13,deal,83,0.89,decide,True,0.011,add to cart,5,5,cover,electronics
u50,p9,sport,25,0.56,add,False,0.095,add to cart,1,2,rate,beauty
u66,p8,hour,96,0.26,question,False,0.03,view,1,5,tough,books
u83,p2,or,19,0.89,campaign,True,0.046,add to cart,10,2,available,electronics
u7,p10,human,54,0.6,out,True,0.004,purchase,5,3,whether,fashion
u75,p20,mention,28,0.49,expect,True,0.017,view,4,2,claim,beauty
u83,p17,you,66,0.35,own,False,0.053,add to cart,1,1,yet,electronics
u84,p3,court,67,0.17,play,False,0.033,add to cart,4,1,thousand,fashion
u22,p4,perhaps,9,0.16,light,True,0.061,view,7,3,program,beauty
u92,p16,own,37,0.75,high,False,0.071,view,6,3,smile,books
u70,p9,cost,86,0.05,everyone,False,0.041,add to cart,1,5,rate,beauty
u44,p17,particularly,12,0.36,property,True,0.094,view,6,5,yet,electronics
u40,p18,more,63,0.89,outside,False,0.041,view,3,2,food,fashion
u4,p14,my,7,0.03,discuss,False,0.059,purchase,7,4,describe,books
u94,p20,painting,23,0.54,practice,True,0.059,purchase,4,5,claim,beauty
u74,p3,maybe,89,0.87,see,False,0.02,view,8,3,thousand,fashion
u27,p2,wait,95,0.07,to,False,0.094,purchase,5,2,available,electronics
u60,p1,you,1,0.16,seek,True,0.056,view,7,4,condition,fashion
u31,p13,future,19,0.98,bill,False,0.026,view,10,4,cover,electronics
u66,p2,president,21,0.02,outside,False,0.065,add to cart,6,4,available,electronics
u52,p3,stuff,52,0.98,fight,False,0.072,purchase,6,5,thousand,fashion
u49,p16,choice,41,0.16,clearly,True,0.02,purchase,7,2,smile,books
u76,p14,husband,35,0.84,hospital,True,0.027,view,8,5,describe,books
u40,p7,floor,82,0.87,sport,True,0.07,add to cart,7,5,do,books
u99,p1,paper,62,0.96,pressure,False,0.075,add to cart,4,4,condition,fashion
u39,p5,young,8,0.77,speech,False,0.062,purchase,2,1,media,electronics
u7,p12,every,26,0.92,leg,False,0.009,purchase,10,5,become,home
u39,p5,create,74,0.77,effect,False,0.095,view,6,3,media,electronics
u56,p13,finish,12,0.23,attorney,True,0.01,view,5,3,cover,electronics
u23,p4,spend,85,0.78,structure,False,0.026,view,9,5,program,beauty
u23,p6,let,16,0.77,cost,True,0.064,purchase,7,3,early,fashion
u80,p18,this,19,0.24,girl,True,0.085,purchase,6,4,food,fashion
u40,p9,note,68,0.72,indicate,False,0.094,add to cart,10,4,rate,beauty
u72,p3,meet,35,0.86,pull,False,0.088,view,2,2,thousand,fashion
u88,p19,social,61,0.2,kitchen,False,0.067,add to cart,8,1,indicate,home
u14,p19,plan,4,0.04,why,True,0.098,add to cart,10,3,indicate,home
u40,p10,story,80,0.75,reality,False,0.084,purchase,3,2,whether,fashion
u25,p6,identify,80,0.83,form,True,0.068,add to cart,3,2,early,fashion
u67,p20,song,85,0.05,never,False,0.041,add to cart,5,2,claim,beauty
u57,p5,common,3,0.82,nation,True,0.082,view,7,3,media,electronics
u73,p19,use,56,0.73,evening,False,0.084,add to cart,9,1,indicate,home
u14,p5,glass,29,0.98,child,True,0.063,view,8,1,media,electronics
u32,p5,site,21,0.95,need,False,0.005,purchase,3,1,media,electronics
u15,p16,young,46,0.89,analysis,False,0.089,add to cart,4,2,smile,books
u91,p17,we,3,0.1,seat,True,0.013,view,9,3,yet,electronics
u94,p3,yet,48,0.05,drive,False,0.033,view,9,2,thousand,fashion
u30,p8,require,2,0.32,city,True,0.005,view,8,3,tough,books
u78,p3,debate,48,0.26,most,False,0.043,purchase,4,2,thousand,fashion
u18,p10,score,46,0.75,reach,False,0.099,add to cart,9,5,whether,fashion
u80,p18,lay,86,0.25,deal,False,0.016,view,5,1,food,fashion
u5,p13,bed,20,0.38,character,True,0.077,add to cart,2,2,cover,electronics
u28,p13,several,28,0.82,western,False,0.045,purchase,8,5,cover,electronics
u83,p20,do,13,0.98,result,True,0.022,purchase,7,5,claim,beauty
u20,p20,teacher,98,0.41,character,True,0.083,purchase,8,2,claim,beauty
u99,p3,president,76,0.81,unit,False,0.073,purchase,10,5,thousand,fashion
u68,p16,want,18,0.95,really,False,0.024,purchase,6,5,smile,books
u20,p10,check,91,0.33,hope,False,0.091,purchase,2,5,whether,fashion
u45,p12,hand,41,0.82,life,True,0.06,purchase,10,5,become,home
u17,p7,mission,62,0.47,pull,True,0.007,purchase,9,4,do,books
u75,p1,herself,24,0.2,final,True,0.06,add to cart,6,4,condition,fashion
u73,p6,like,91,0.29,against,True,0.04,view,6,3,early,fashion
u17,p19,area,8,0.43,political,False,0.007,add to cart,3,4,indicate,home
u82,p13,especially,60,0.46,live,False,0.002,purchase,4,3,cover,electronics
u88,p5,read,64,0.53,thank,False,0.008,view,9,1,media,electronics
u50,p14,ever,48,0.41,information,True,0.083,purchase,1,2,describe,books
u59,p12,church,40,0.2,let,False,0.087,add to cart,1,1,become,home
u84,p20,season,16,0.84,where,True,0.018,purchase,6,2,claim,beauty
u49,p9,result,27,0.23,suddenly,True,0.053,view,6,4,rate,beauty
u83,p12,lead,25,0.27,season,False,0.023,view,6,3,become,home
u59,p3,car,76,0.98,seek,True,0.069,purchase,7,2,thousand,fashion
u22,p15,too,53,0.54,executive,False,0.082,add to cart,1,3,leg,books
u16,p16,phone,59,0.66,tree,True,0.068,purchase,6,2,smile,books
u24,p16,kitchen,65,0.16,include,True,0.073,view,3,2,smile,books
u57,p16,reality,28,0.72,win,True,0.072,purchase,9,4,smile,books
u65,p15,sometimes,13,0.53,store,True,0.094,add to cart,1,1,leg,books
u67,p13,develop,97,0.72,never,False,0.053,view,5,2,cover,electronics
u23,p6,official,28,0.63,project,True,0.073,purchase,5,3,early,fashion
u17,p7,nature,37,0.58,girl,False,0.006,add to cart,9,3,do,books
u88,p6,avoid,99,0.77,will,True,0.006,add to cart,5,2,early,fashion
u75,p8,experience,26,0.39,stay,False,0.075,view,9,1,tough,books
u32,p3,free,56,0.41,media,False,0.007,purchase,5,3,thousand,fashion
u61,p16,determine,93,0.28,people,False,0.024,view,1,2,smile,books
u86,p4,very,69,0.39,million,True,0.094,add to cart,10,1,program,beauty
u64,p4,late,82,0.67,score,True,0.068,view,4,2,program,beauty
u23,p9,responsibility,64,0.03,main,False,0.049,add to cart,5,2,rate,beauty
u22,p13,pass,73,0.12,agreement,False,0.003,add to cart,6,3,cover,electronics
u72,p17,build,63,0.89,dinner,True,0.019,add to cart,5,4,yet,electronics
u61,p5,piece,2,0.23,growth,True,0.024,add to cart,2,3,media,electronics
u30,p16,song,69,0.41,send,True,0.078,add to cart,9,5,smile,books
u83,p14,hotel,23,0.28,all,False,0.042,purchase,2,2,describe,books
u46,p18,because,78,0.05,reflect,True,0.053,purchase,4,3,food,fashion
u24,p19,brother,60,0.74,may,True,0.012,view,7,2,indicate,home
u78,p2,blue,98,0.14,rich,True,0.088,purchase,6,5,available,electronics
u4,p17,reveal,46,0.54,interest,True,0.009,add to cart,10,3,yet,electronics
u95,p1,risk,17,0.44,rich,True,0.043,add to cart,7,4,condition,fashion
u48,p2,interview,71,0.93,wall,False,0.044,purchase,6,2,available,electronics
u43,p8,stay,45,0.47,share,False,0.067,view,9,1,tough,books
u70,p3,former,63,0.17,across,False,0.078,view,6,4,thousand,fashion
u41,p7,sister,15,0.46,nice,True,0.041,purchase,2,2,do,books
u67,p14,light,16,0.48,million,True,0.084,purchase,1,1,describe,books
u80,p6,fact,65,0.25,name,False,0.075,add to cart,7,5,early,fashion
u10,p12,adult,32,0.14,shoulder,False,0.037,add to cart,10,3,become,home
u97,p8,community,15,0.11,down,True,0.069,purchase,9,5,tough,books
u22,p1,certainly,29,0.29,group,False,0.052,add to cart,1,1,condition,fashion
u23,p1,senior,97,0.62,society,False,0.024,purchase,6,5,condition,fashion
u96,p14,forward,62,0.24,report,False,0.008,view,3,3,describe,books
u98,p5,week,89,0.24,walk,False,0.079,add to cart,10,2,media,electronics
u4,p12,tend,66,0.46,suffer,False,0.037,view,1,1,become,home
u73,p18,every,87,0.46,before,True,0.047,view,9,5,food,fashion
u67,p15,knowledge,58,0.47,join,False,0.024,add to cart,2,3,leg,books
u62,p13,produce,43,0.27,important,False,0.005,purchase,2,5,cover,electronics
u55,p5,at,89,0.7,little,False,0.068,view,8,4,media,electronics
u13,p16,free,32,0.06,part,True,0.05,purchase,6,2,smile,books
u31,p3,military,29,0.33,most,True,0.055,view,1,2,thousand,fashion
u91,p19,current,9,0.17,whole,True,0.035,purchase,1,1,indicate,home
u14,p20,property,73,0.81,rate,False,0.063,purchase,10,5,claim,beauty
u65,p3,together,58,0.78,get,True,0.01,add to cart,1,4,thousand,fashion
u82,p12,environment,51,0.08,line,True,0.028,purchase,3,4,become,home
u6,p5,analysis,48,0.41,better,False,0.098,view,2,3,media,electronics
u83,p8,with,44,0.25,attention,True,0.046,purchase,10,4,tough,books
u27,p19,now,36,0.39,night,True,0.011,add to cart,2,2,indicate,home
u79,p14,south,8,0.09,law,False,0.006,purchase,3,3,describe,books
u75,p10,couple,73,0.92,safe,False,0.077,add to cart,8,2,whether,fashion
u100,p20,chance,14,0.88,office,True,0.038,view,3,2,claim,beauty
u56,p10,Congress,20,0.49,four,False,0.064,purchase,4,4,whether,fashion
u95,p19,scene,41,0.84,top,True,0.05,add to cart,8,2,indicate,home
u19,p19,skill,58,0.05,road,False,0.066,view,8,3,indicate,home
u73,p17,huge,93,0.86,election,False,0.098,add to cart,5,5,yet,electronics
u24,p4,woman,70,0.08,war,False,0.041,purchase,1,2,program,beauty
u25,p11,well,20,0.64,big,True,0.009,purchase,1,4,open,beauty
u34,p5,too,84,0.66,station,False,0.004,add to cart,4,3,media,electronics
u98,p10,win,52,0.83,listen,True,0.031,add to cart,1,2,whether,fashion
u93,p16,property,57,0.43,push,False,0.088,purchase,1,3,smile,books
u25,p3,effort,87,0.62,unit,False,0.071,view,10,3,thousand,fashion
u8,p9,coach,60,0.8,produce,False,0.089,add to cart,7,4,rate,beauty
u84,p18,would,11,0.54,set,False,0.023,view,4,3,food,fashion
u51,p3,stock,6,0.96,drive,True,0.003,view,6,2,thousand,fashion
u26,p1,item,70,0.62,meeting,False,0.027,purchase,9,4,condition,fashion
u62,p14,adult,6,0.05,his,False,0.041,purchase,2,1,describe,books
u68,p18,whole,99,0.03,suggest,True,0.082,add to cart,8,1,food,fashion
u13,p5,area,83,0.75,strategy,False,0.038,purchase,4,3,media,electronics
u31,p11,study,1,0.66,service,False,0.057,add to cart,8,1,open,beauty
u65,p18,part,61,0.32,police,True,0.009,purchase,1,2,food,fashion
u12,p13,third,14,0.22,grow,True,0.055,view,4,2,cover,electronics
u42,p4,pick,28,0.7,organization,False,0.078,purchase,4,1,program,beauty
u13,p5,we,60,0.1,near,False,0.081,purchase,5,1,media,electronics
u37,p19,expert,44,0.45,final,False,0.039,add to cart,10,4,indicate,home
u80,p14,low,78,0.28,know,True,0.008,view,5,1,describe,books
u54,p5,concern,88,0.8,by,True,0.051,add to cart,5,3,media,electronics
u72,p5,several,97,0.65,cultural,False,0.089,add to cart,4,5,media,electronics
u100,p16,laugh,18,0.25,car,False,0.075,add to cart,4,5,smile,books
u72,p19,coach,78,0.18,choice,False,0.077,purchase,8,1,indicate,home
u85,p7,treat,25,0.96,everyone,False,0.095,view,1,2,do,books
u3,p16,physical,60,0.81,race,False,0.02,add to cart,7,4,smile,books
u3,p5,tax,3,0.02,debate,False,0.097,add to cart,2,2,media,electronics
u75,p19,language,4,0.83,number,False,0.028,add to cart,6,2,indicate,home
u63,p15,including,3,0.48,station,True,0.022,purchase,1,2,leg,books
u85,p2,later,90,0.43,manage,True,0.056,purchase,1,5,available,electronics
u42,p19,adult,35,0.33,none,True,0.087,purchase,3,1,indicate,home
u28,p1,including,84,0.04,heart,False,0.068,add to cart,4,2,condition,fashion
u52,p12,policy,85,0.99,able,False,0.057,view,1,1,become,home
u19,p9,development,11,0.6,war,True,0.068,add to cart,4,1,rate,beauty
u19,p9,theory,76,0.31,country,True,0.049,add to cart,9,2,rate,beauty
u57,p15,million,14,0.43,small,True,0.044,add to cart,10,1,leg,books
u92,p8,over,100,0.46,product,False,0.045,add to cart,8,3,tough,books
u6,p7,adult,38,0.6,direction,False,0.054,purchase,6,4,do,books
u76,p7,appear,65,0.73,last,True,0.092,purchase,1,4,do,books
u5,p8,method,18,0.55,deal,True,0.073,view,6,4,tough,books
u48,p20,professional,50,0.39,born,True,0.024,purchase,2,4,claim,beauty
u1,p16,itself,26,0.38,customer,False,0.016,purchase,7,1,smile,books
u63,p16,clearly,34,0.58,red,False,0.099,add to cart,4,1,smile,books
u90,p7,billion,76,0.36,seven,False,0.079,view,4,4,do,books
u48,p19,or,58,0.97,tell,True,0.081,add to cart,9,3,indicate,home
u40,p5,little,64,0.1,gas,False,0.092,purchase,7,3,media,electronics
u71,p1,matter,37,0.22,ground,True,0.057,view,1,3,condition,fashion
u46,p17,right,35,0.11,day,True,0.017,purchase,1,4,yet,electronics
u1,p18,by,3,0.53,eight,True,0.034,add to cart,6,3,food,fashion
u58,p12,major,28,0.74,think,True,0.054,purchase,6,2,become,home
u81,p1,management,32,0.52,maintain,False,0.005,add to cart,10,2,condition,fashion
u37,p9,wind,31,0.11,road,False,0.018,purchase,9,5,rate,beauty
u11,p5,price,51,0.08,federal,True,0.028,view,8,4,media,electronics
u4,p5,four,14,0.63,Democrat,False,0.081,view,6,5,media,electronics
u6,p19,medical,59,0.78,training,False,0.017,view,7,2,indicate,home
u89,p18,play,36,0.56,sea,True,0.094,purchase,6,4,food,fashion
u90,p7,gun,3,0.11,response,True,0.04,add to cart,7,2,do,books
u16,p20,as,72,0.87,range,False,0.087,purchase,8,1,claim,beauty
u31,p8,claim,4,0.45,interesting,False,0.05,add to cart,4,5,tough,books
u69,p2,those,11,0.08,around,True,0.07,add to cart,5,1,available,electronics
u9,p8,state,18,0.53,his,True,0.068,view,10,2,tough,books
u14,p3,modern,89,0.56,senior,True,0.044,add to cart,5,5,thousand,fashion
u19,p1,six,10,0.52,reason,True,0.092,purchase,3,2,condition,fashion
u4,p19,large,19,0.86,help,True,0.09,view,3,5,indicate,home
u87,p4,through,89,0.22,wife,False,0.09,purchase,5,5,program,beauty
u28,p2,chance,24,0.42,front,True,0.067,purchase,7,3,available,electronics
u69,p9,quickly,11,0.88,address,False,0.002,view,6,5,rate,beauty
u26,p10,Mrs,36,0.16,person,True,0.067,view,10,5,whether,fashion
u10,p13,who,17,0.65,against,True,0.037,view,5,4,cover,electronics
u82,p2,rather,12,0.94,pull,True,0.05,view,1,5,available,electronics
u63,p9,look,21,0.14,stock,True,0.039,purchase,10,1,rate,beauty
u6,p13,candidate,78,0.91,modern,False,0.09,purchase,2,3,cover,electronics
u84,p9,week,5,0.31,structure,False,0.078,purchase,3,4,rate,beauty
u2,p11,assume,83,0.73,floor,True,0.07,add to cart,4,3,open,beauty
u89,p17,common,99,0.28,magazine,True,0.068,view,9,2,yet,electronics
u85,p1,daughter,10,0.68,live,False,0.075,view,3,2,condition,fashion
u48,p17,piece,41,0.24,inside,True,0.04,add to cart,6,4,yet,electronics
u33,p20,which,53,0.62,send,True,0.009,purchase,6,3,claim,beauty
u30,p14,character,89,0.23,customer,False,0.075,add to cart,3,3,describe,books
u21,p5,behind,11,0.04,material,True,0.075,purchase,3,3,media,electronics
u64,p15,happen,68,0.84,few,True,0.051,view,6,2,leg,books
u1,p14,avoid,22,0.16,record,True,0.015,view,2,2,describe,books
u32,p13,avoid,6,0.93,you,True,0.05,add to cart,6,5,cover,electronics
u8,p20,prevent,78,0.75,its,True,0.086,purchase,4,1,claim,beauty
u45,p4,blood,26,0.72,dog,False,0.082,add to cart,6,2,program,beauty
u7,p8,business,99,0.73,carry,False,0.039,add to cart,6,3,tough,books
u15,p7,list,36,0.85,sit,True,0.002,add to cart,6,3,do,books
u91,p14,recent,26,0.42,race,True,0.018,purchase,1,3,describe,books
u21,p2,reduce,28,0.06,almost,True,0.017,purchase,1,4,available,electronics
u84,p12,history,56,0.56,safe,True,0.069,add to cart,3,3,become,home
u79,p14,hundred,44,0.18,better,True,0.015,purchase,5,1,describe,books
u6,p6,fear,86,0.78,until,False,0.079,view,7,1,early,fashion
u46,p5,section,48,0.61,realize,False,0.046,purchase,5,3,media,electronics
u31,p7,mother,55,0.35,claim,True,0.026,view,7,4,do,books
u76,p1,behavior,28,0.15,less,False,0.062,purchase,3,3,condition,fashion
u60,p14,myself,54,0.28,should,True,0.061,purchase,3,1,describe,books
u72,p6,news,48,0.97,piece,True,0.08,add to cart,8,3,early,fashion
u12,p10,particular,13,0.67,perhaps,False,0.03,view,6,2,whether,fashion
u64,p15,picture,63,0.77,same,True,0.043,add to cart,1,1,leg,books
u64,p16,such,100,0.58,between,True,0.001,add to cart,5,5,smile,books
u12,p9,meet,45,0.31,choose,False,0.097,view,1,1,rate,beauty
u90,p9,ok,76,0.07,management,True,0.001,view,5,1,rate,beauty
u78,p13,through,16,0.91,issue,False,0.028,purchase,10,3,cover,electronics
u59,p19,discover,60,0.26,hair,True,0.099,add to cart,10,4,indicate,home
u41,p18,believe,83,0.75,loss,False,0.086,view,1,3,food,fashion
u8,p1,leader,61,0.64,site,False,0.068,view,5,2,condition,fashion
u51,p15,wait,32,0.94,ask,False,0.014,add to cart,9,3,leg,books
u98,p6,over,30,0.22,set,False,0.009,view,1,1,early,fashion
u43,p4,man,65,0.45,film,False,0.008,view,10,3,program,beauty
u15,p20,edge,47,0.82,election,True,0.016,add to cart,3,1,claim,beauty
u18,p18,whole,46,0.08,north,False,0.011,add to cart,4,3,food,fashion
u87,p2,time,64,0.35,wait,True,0.068,view,9,1,available,electronics
u46,p20,pull,89,0.93,open,True,0.024,view,8,1,claim,beauty
u16,p15,nature,19,0.12,strategy,True,0.057,add to cart,5,5,leg,books
u62,p5,bit,12,0.64,strong,True,0.083,add to cart,7,4,media,electronics
u72,p14,skin,37,0.23,miss,False,0.035,view,3,1,describe,books
u50,p11,for,62,0.55,identify,True,0.01,view,4,2,open,beauty
u10,p19,know,66,0.77,grow,False,0.081,purchase,9,2,indicate,home
u86,p7,task,33,0.41,training,False,0.052,view,9,1,do,books
u18,p11,out,64,0.3,middle,False,0.03,view,10,5,open,beauty
u93,p6,teach,50,0.73,consider,False,0.064,purchase,4,2,early,fashion
u52,p11,speak,90,0.96,wait,True,0.063,view,5,5,open,beauty
u32,p2,score,30,0.28,ball,True,0.098,view,6,2,available,electronics
u77,p6,upon,33,0.72,agency,False,0.099,view,8,3,early,fashion
u45,p7,manager,100,0.09,measure,True,0.061,purchase,7,5,do,books
u28,p7,during,89,0.92,despite,False,0.079,add to cart,5,5,do,books
u49,p18,take,79,0.35,education,False,0.079,add to cart,7,3,food,fashion
u72,p4,entire,9,0.52,return,True,0.05,purchase,1,2,program,beauty
u50,p19,fire,42,0.03,maintain,False,0.033,view,10,3,indicate,home
u11,p6,care,11,0.61,within,True,0.09,purchase,3,3,early,fashion
u40,p10,window,27,0.21,training,True,0.042,purchase,1,4,whether,fashion
u9,p14,include,63,0.6,set,True,0.055,view,6,4,describe,books
u16,p9,should,30,0.67,air,True,0.1,view,5,4,rate,beauty
u32,p2,go,51,0.74,need,True,0.062,add to cart,4,5,available,electronics
u12,p17,bank,46,0.04,establish,False,0.087,purchase,7,4,yet,electronics
u78,p1,receive,68,0.27,evidence,False,0.028,purchase,4,4,condition,fashion
u71,p7,industry,75,0.63,board,False,0.015,view,5,1,do,books
u86,p13,usually,59,0.97,exist,True,0.036,view,8,5,cover,electronics
u4,p2,move,50,0.61,vote,True,0.072,purchase,5,1,available,electronics
u61,p7,point,44,0.52,attorney,False,0.029,purchase,10,2,do,books
u71,p5,would,79,0.71,rich,True,0.012,add to cart,5,3,media,electronics
u84,p19,chair,88,0.08,goal,False,0.067,view,10,3,indicate,home
u15,p1,whose,5,0.05,thus,True,0.048,purchase,8,3,condition,fashion
u42,p12,lawyer,9,0.9,ago,False,0.028,view,2,2,become,home
u94,p9,him,94,0.21,market,False,0.096,purchase,8,2,rate,beauty
u91,p18,face,84,0.61,TV,False,0.049,purchase,4,5,food,fashion
u50,p10,start,19,0.78,evening,False,0.094,view,10,1,whether,fashion
u67,p4,party,92,0.73,concern,False,0.09,add to cart,8,1,program,beauty
u86,p6,power,76,0.47,before,True,0.027,add to cart,5,3,early,fashion
u86,p6,usually,96,0.52,relationship,True,0.029,add to cart,2,1,early,fashion
u97,p7,student,24,0.92,office,False,0.032,view,9,1,do,books
u23,p11,approach,7,0.92,remember,True,0.079,purchase,6,1,open,beauty
u20,p18,present,56,0.01,difference,False,0.031,add to cart,9,5,food,fashion
u70,p7,something,29,0.4,state,False,0.033,purchase,4,2,do,books
u8,p20,throw,86,0.96,call,False,0.046,add to cart,2,3,claim,beauty
u98,p10,stock,6,0.09,lot,True,0.075,add to cart,8,1,whether,fashion
u90,p7,next,83,0.12,personal,True,0.037,purchase,3,1,do,books
u92,p17,soon,25,0.95,eye,True,0.008,add to cart,3,3,yet,electronics
u34,p1,where,60,0.5,positive,False,0.08,add to cart,10,2,condition,fashion
u36,p4,director,10,0.51,responsibility,True,0.098,add to cart,2,4,program,beauty
u56,p11,step,31,0.91,project,True,0.081,add to cart,6,1,open,beauty
u15,p9,husband,1,0.97,career,False,0.014,view,1,5,rate,beauty
u53,p7,investment,15,0.07,national,False,0.082,add to cart,3,3,do,books
u48,p14,bad,90,0.42,hot,False,0.031,view,8,1,describe,books
u5,p18,bar,39,0.75,treatment,False,0.072,view,4,5,food,fashion
u62,p1,evidence,74,0.82,probably,True,0.067,add to cart,4,4,condition,fashion
u41,p12,management,89,0.14,arm,True,0.014,add to cart,3,5,become,home
u42,p14,kid,46,0.31,despite,True,0.003,purchase,10,3,describe,books
u46,p9,successful,48,1.0,dark,True,0.06,purchase,10,5,rate,beauty
u42,p1,by,36,0.08,later,True,0.075,view,3,5,condition,fashion
u97,p3,find,81,0.95,suggest,True,0.051,add to cart,2,5,thousand,fashion
u29,p12,stay,77,0.39,say,True,0.039,purchase,1,3,become,home
u50,p3,audience,20,0.97,drive,False,0.097,add to cart,3,5,thousand,fashion
u39,p16,particularly,32,0.37,read,False,0.004,add to cart,5,2,smile,books
